feature,psi,band
dpd_30_last_12m,0.870323974957471,significant
dpd_severity,0.8703118360181488,significant
utilization,0.24746196794997632,moderate
fico,0.1929024958227758,moderate
payment_ratio,0.13479821704217776,moderate
months_on_book,0.00016757303466755096,no_shift
age,0.00012516372299924464,no_shift
credit_limit,0.00010240078822539238,no_shift
income,9.557896735031348e-05,no_shift
purchase_volume_3m,9.49092664876292e-05,no_shift
income_to_limit,8.265027049593113e-05,no_shift
current_balance,7.943577881553889e-05,no_shift
balance_to_limit,7.650005193530656e-05,no_shift
apr,5.248496945691354e-05,no_shift
spend_to_limit,4.4595814652239746e-05,no_shift
dpd_90_last_12m,0.0,no_shift
dpd_60_last_12m,0.0,no_shift
