scenario,fico_shift,util_shock,income_shock,dpd_shock,avg_pd,projected_chargeoff_rate,total_expected_loss_$,n_accounts
baseline,0,0.0,0.0,0,0.15100850512588895,0.15100850512588895,84253584.36727601,166946
mild_recession,-15,0.05,-0.05,1,0.22583904606194968,0.22583904606194968,124583035.14661258,166946
moderate_recession,-30,0.1,-0.1,2,0.3185475037658209,0.3185475037658209,173219213.84215015,166946
severe_recession,-60,0.2,-0.2,4,0.554769841147505,0.554769841147505,296560842.70069873,166946
rate_shock,0,0.08,0.0,1,0.203742398631846,0.203742398631846,112084473.71738496,166946
unemployment_5pct,-20,0.07,-0.08,2,0.2923729366504404,0.2923729366504404,159299346.82195663,166946
unemployment_10pct,-45,0.15,-0.15,3,0.4375969985253622,0.4375969985253622,235206918.12051708,166946
housing_crash,-25,0.12,-0.1,2,0.31254790711400954,0.31254790711400954,169929469.47152615,166946
inflation_spike,-10,0.1,-0.05,1,0.22539449679896,0.22539449679896,123965427.17323531,166946
consumer_spending_drop,-5,0.03,-0.15,0,0.16569779348729324,0.16569779348729324,93191152.02320841,166946
credit_tightening,-10,-0.05,-0.02,0,0.15859692574897094,0.15859692574897094,88505913.96746582,166946
stagflation,-20,0.12,-0.12,2,0.3037088303936186,0.3037088303936186,165431600.97729534,166946
